{
    "user_badges":[
        {
            "id":8181,
            "granted_at":"2021-04-30T19:15:27.557Z",
            "created_at":"2021-04-30T19:15:27.557Z",
            "count":1,
            "badge_id":2,
            "user_id":4692,
            "granted_by_id":-1
        },
        {
            "id":9939,
            "granted_at":"2022-02-15T14:53:39.785Z",
            "created_at":"2022-02-15T14:53:39.966Z",
            "count":1,
            "badge_id":24,
            "user_id":4692,
            "granted_by_id":-1
        },
        {
            "id":9139,
            "granted_at":"2021-09-24T13:06:14.313Z",
            "created_at":"2021-09-24T13:06:14.313Z",
            "count":1,
            "post_id":31619,
            "post_number":1,
            "badge_id":21,
            "user_id":4692,
            "granted_by_id":-1,
            "topic_id":11221
        }
    ],
    "badges":[
        {
            "id":2,
            "name":"Member",
            "description":"\u003ca href=\"https://blog.discourse.org/2018/06/understanding-discourse-trust-levels/\"\u003eGranted\u003c/a\u003e invitations, group messaging, more likes",
            "grant_count":186,
            "allow_title":false,
            "multiple_grant":false,
            "icon":"fa-user",
            "image_url":null,
            "listable":true,
            "enabled":true,
            "badge_grouping_id":4,
            "system":true,
            "slug":"member",
            "manually_grantable":false,
            "badge_type_id":3
        },
        {
            "id":24,
            "name":"Anniversary",
            "description":"Active member for a year, posted at least once",
            "grant_count":1602,
            "allow_title":false,
            "multiple_grant":true,
            "icon":"far-clock",
            "image_url":null,
            "listable":true,
            "enabled":true,
            "badge_grouping_id":2,
            "system":true,
            "slug":"anniversary",
            "manually_grantable":false,
            "badge_type_id":2
        },
        {
            "id":21,
            "name":"Nice Share",
            "description":"Shared a post with 25 unique visitors",
            "grant_count":54,
            "allow_title":false,
            "multiple_grant":true,
            "icon":"fa-certificate",
            "image_url":null,
            "listable":true,
            "enabled":true,
            "badge_grouping_id":2,
            "system":true,
            "slug":"nice-share",
            "manually_grantable":false,
            "badge_type_id":3
        }
    ],
    "badge_types":[
        {
            "id":3,
            "name":"Bronze",
            "sort_order":7
        },
        {
            "id":2,
            "name":"Silver",
            "sort_order":8
        }
    ],
    "users":[
        {
            "id":4692,
            "username":"Blue",
            "name":"※ David Blue ※",
            "avatar_template":"/user_avatar/forums.getdrafts.com/blue/{size}/4923_2.png",
            "flair_name":null,
            "trust_level":2
        },
        {
            "id":-1,
            "username":"system",
            "name":"system",
            "avatar_template":"/uploads/default/original/2X/5/5bccd4b2a6ae6883dafae891576299527e2ebbf8.png",
            "flair_name":null,
            "admin":true,
            "moderator":true,
            "trust_level":4
        }
    ],
    "topics":[
        {
            "id":11221,
            "title":"Using Obsidian with Drafts",
            "fancy_title":"Using Obsidian with Drafts",
            "slug":"using-obsidian-with-drafts",
            "posts_count":6
        }
    ],
    "user":{
        "id":4692,
        "username":"Blue",
        "name":"※ David Blue ※",
        "avatar_template":"/user_avatar/forums.getdrafts.com/blue/{size}/4923_2.png",
        "email":"davidblue@extratone.com",
        "secondary_emails":[],
        "unconfirmed_emails":[],
        "last_posted_at":"2022-07-14T17:16:11.325Z",
        "last_seen_at":"2022-07-15T16:44:03.146Z",
        "created_at":"2021-02-15T11:10:29.769Z",
        "ignored":false,
        "muted":false,
        "can_ignore_user":false,
        "can_mute_user":false,
        "can_send_private_messages":true,
        "can_send_private_message_to_user":false,
        "trust_level":2,
        "moderator":false,
        "admin":false,
        "title":null,
        "badge_count":12,
        "custom_fields":{},
        "time_read":26359,
        "recent_time_read":1798,
        "primary_group_id":null,
        "primary_group_name":null,
        "flair_group_id":null,
        "flair_name":null,
        "flair_url":null,
        "flair_bg_color":null,
        "flair_color":null,
        "featured_topic":null,
        "pending_posts_count":0,
        "bio_excerpt":"Lapsed Auto Writer and self-described Software Historian.\nMy \u003ca href=\"https://github.com/extratone/drafts\" rel=\"noopener nofollow ugc\"\u003eDrafts-specific GitHub repo\u003c/a\u003e for documentation and config stuff.\u003cbr\u003e\n\n\u003ca name=\"actions-1\" class=\"anchor\" href=\"#actions-1\"\u003e\u003c/a\u003eActions\n\n\u003ca href=\"https://actions.getdrafts.com/a/1ub\" rel=\"noopener nofollow ugc\"\u003eFetch contents of # Tot Dot | Drafts Directory\u003c/a\u003e\n\u003ca href=\"https://actions.getdrafts.com/a/1u5\" rel=\"noopener nofollow ugc\"\u003eSend Draft to Telegram Saved Messages | Drafts Directory\u003c/a\u003e\n\u003ca href=\"https://actions.getdrafts.com/a/1uL\" rel=\"noopener nofollow ugc\"\u003eAppend to 7th Tot Dot | Drafts Directory\u003c/a\u003e\n\u003ca href=\"https://actions.getdrafts.com/a/1s7\" rel=\"noopener nofollow ugc\"\u003eList Action Shortcuts, Comma-Delimited | Drafts Directory\u003c/a\u003e\n\u003ca href=\"https://actions.getdrafts.com/a/1q9\" rel=\"noopener nofollow ugc\"\u003eMarkdown Foo\u0026hellip;\u003c/a\u003e",
        "website":"https://bilge.world",
        "website_name":"bilge.world",
        "location":"Columbia, MO",
        "bio_raw":"**Lapsed Auto Writer and self-described Software Historian.**\n\nMy [**Drafts-specific GitHub repo**](https://github.com/extratone/drafts) for documentation and config stuff.\n\n### Actions\n- [Fetch contents of # Tot Dot | Drafts Directory](https://actions.getdrafts.com/a/1ub)\n- [Send Draft to Telegram Saved Messages | Drafts Directory](https://actions.getdrafts.com/a/1u5)\n- [Append to 7th Tot Dot | Drafts Directory](https://actions.getdrafts.com/a/1uL)\n- [List Action Shortcuts, Comma-Delimited | Drafts Directory](https://actions.getdrafts.com/a/1s7)\n- [Markdown Footnote (Variation) | Drafts Directory](https://actions.getdrafts.com/a/1q9)\n- [Markdown Emphasis (*) | Drafts Directory](https://actions.getdrafts.com/a/1pa)\n- [Embed \u003caudio\u003e Element | Drafts Directory](https://actions.getdrafts.com/a/1lM)\n\n### Action Groups\n- [NeoCities | Drafts Directory](https://actions.getdrafts.com/g/1uF)\n\n### Themes\n- [The Psalms | Drafts Directory](https://actions.getdrafts.com/t/1km)\n- [Windows Iowa | Drafts Directory](https://actions.getdrafts.com/t/1kY)\n- [Greyhound | Drafts Directory](https://actions.getdrafts.com/t/1uk)\n",
        "bio_cooked":"\u003cp\u003e\u003cstrong\u003eLapsed Auto Writer and self-described Software Historian.\u003c/strong\u003e\u003c/p\u003e\n\u003cp\u003eMy \u003ca href=\"https://github.com/extratone/drafts\" rel=\"noopener nofollow ugc\"\u003e\u003cstrong\u003eDrafts-specific GitHub repo\u003c/strong\u003e\u003c/a\u003e for documentation and config stuff.\u003c/p\u003e\n\u003ch3\u003e\n\u003ca name=\"actions-1\" class=\"anchor\" href=\"#actions-1\"\u003e\u003c/a\u003eActions\u003c/h3\u003e\n\u003cul\u003e\n\u003cli\u003e\u003ca href=\"https://actions.getdrafts.com/a/1ub\" rel=\"noopener nofollow ugc\"\u003eFetch contents of # Tot Dot | Drafts Directory\u003c/a\u003e\u003c/li\u003e\n\u003cli\u003e\u003ca href=\"https://actions.getdrafts.com/a/1u5\" rel=\"noopener nofollow ugc\"\u003eSend Draft to Telegram Saved Messages | Drafts Directory\u003c/a\u003e\u003c/li\u003e\n\u003cli\u003e\u003ca href=\"https://actions.getdrafts.com/a/1uL\" rel=\"noopener nofollow ugc\"\u003eAppend to 7th Tot Dot | Drafts Directory\u003c/a\u003e\u003c/li\u003e\n\u003cli\u003e\u003ca href=\"https://actions.getdrafts.com/a/1s7\" rel=\"noopener nofollow ugc\"\u003eList Action Shortcuts, Comma-Delimited | Drafts Directory\u003c/a\u003e\u003c/li\u003e\n\u003cli\u003e\u003ca href=\"https://actions.getdrafts.com/a/1q9\" rel=\"noopener nofollow ugc\"\u003eMarkdown Footnote (Variation) | Drafts Directory\u003c/a\u003e\u003c/li\u003e\n\u003cli\u003e\u003ca href=\"https://actions.getdrafts.com/a/1pa\" rel=\"noopener nofollow ugc\"\u003eMarkdown Emphasis (*) | Drafts Directory\u003c/a\u003e\u003c/li\u003e\n\u003cli\u003e\u003ca href=\"https://actions.getdrafts.com/a/1lM\" rel=\"noopener nofollow ugc\"\u003eEmbed \u003caudio\u003e Element | Drafts Directory\u003c/audio\u003e\u003c/a\u003e\u003c/li\u003e\n\u003c/ul\u003e\n\u003ch3\u003e\n\u003ca name=\"action-groups-2\" class=\"anchor\" href=\"#action-groups-2\"\u003e\u003c/a\u003eAction Groups\u003c/h3\u003e\n\u003cul\u003e\n\u003cli\u003e\u003ca href=\"https://actions.getdrafts.com/g/1uF\" rel=\"noopener nofollow ugc\"\u003eNeoCities | Drafts Directory\u003c/a\u003e\u003c/li\u003e\n\u003c/ul\u003e\n\u003ch3\u003e\n\u003ca name=\"themes-3\" class=\"anchor\" href=\"#themes-3\"\u003e\u003c/a\u003eThemes\u003c/h3\u003e\n\u003cul\u003e\n\u003cli\u003e\u003ca href=\"https://actions.getdrafts.com/t/1km\" rel=\"noopener nofollow ugc\"\u003eThe Psalms | Drafts Directory\u003c/a\u003e\u003c/li\u003e\n\u003cli\u003e\u003ca href=\"https://actions.getdrafts.com/t/1kY\" rel=\"noopener nofollow ugc\"\u003eWindows Iowa | Drafts Directory\u003c/a\u003e\u003c/li\u003e\n\u003cli\u003e\u003ca href=\"https://actions.getdrafts.com/t/1uk\" rel=\"noopener nofollow ugc\"\u003eGreyhound | Drafts Directory\u003c/a\u003e\u003c/li\u003e\n\u003c/ul\u003e",
        "can_edit":true,
        "can_edit_username":false,
        "can_edit_email":true,
        "can_edit_name":true,
        "uploaded_avatar_id":4923,
        "has_title_badges":false,
        "pending_count":0,
        "profile_view_count":249,
        "second_factor_enabled":false,
        "second_factor_backup_enabled":false,
        "associated_accounts":[
            {
                "name":"google_oauth2",
                "description":"ihadtopee@gmail.com"
            },
            {
                "name":"twitter",
                "description":"david.extratone@gmail.com"
            }
        ],
        "profile_background_upload_url":"/uploads/default/original/2X/f/fb1dec1f286e5a86258973f060be59c81000dcec.png",
        "can_upload_profile_header":true,
        "can_upload_user_card_background":true,
        "locale":"en",
        "muted_category_ids":[],
        "regular_category_ids":[],
        "watched_tags":[],
        "watching_first_post_tags":[],
        "tracked_tags":[],
        "muted_tags":[],
        "tracked_category_ids":[],
        "watched_category_ids":[],
        "watched_first_post_category_ids":[
            5,
            11,
            7
        ],
        "system_avatar_upload_id":null,
        "system_avatar_template":"/letter_avatar_proxy/v4/letter/b/3bc359/{size}.png",
        "gravatar_avatar_upload_id":4924,
        "gravatar_avatar_template":"/user_avatar/forums.getdrafts.com/blue/{size}/4924_2.png",
        "custom_avatar_upload_id":4923,
        "custom_avatar_template":"/user_avatar/forums.getdrafts.com/blue/{size}/4923_2.png",
        "muted_usernames":[],
        "ignored_usernames":[],
        "allowed_pm_usernames":[],
        "mailing_list_posts_per_day":7,
        "can_change_bio":true,
        "can_change_location":true,
        "can_change_website":true,
        "can_change_tracking_preferences":true,
        "user_api_keys":[
            {
                "id":1089,
                "application_name":"Fig - Jorts",
                "scopes":[
                    "Read and clear notifications",
                    "Read user session info",
                    "Write all"
                ],
                "created_at":"2021-06-24T03:56:04.193Z",
                "last_used_at":"2022-07-14T21:41:05.184Z"
            }
        ],
        "user_auth_tokens":[
            {
                "id":20164,
                "client_ip":"50.83.78.7",
                "location":"unknown",
                "browser":"Google Chrome",
                "device":"Windows Computer",
                "os":"Microsoft Windows",
                "icon":"fab-windows",
                "created_at":"2022-07-15T16:42:12.386Z",
                "seen_at":"2022-07-15T16:42:12.468Z"
            },
            {
                "id":19193,
                "client_ip":"50.83.78.7",
                "location":"unknown",
                "browser":"Safari",
                "device":"iPhone",
                "os":"iOS",
                "icon":"fab-apple",
                "created_at":"2022-04-11T16:40:54.975Z",
                "seen_at":"2022-06-07T00:16:27.116Z"
            },
            {
                "id":19387,
                "client_ip":"50.83.78.7",
                "location":"unknown",
                "browser":"Safari",
                "device":"Mac",
                "os":"macOS",
                "icon":"fab-apple",
                "created_at":"2022-04-29T10:32:46.027Z",
                "seen_at":"2022-05-24T07:51:37.552Z"
            },
            {
                "id":19926,
                "client_ip":"50.83.78.7",
                "location":"unknown",
                "browser":"Safari",
                "device":"Mac",
                "os":"macOS",
                "icon":"fab-apple",
                "created_at":"2022-06-15T01:39:12.667Z",
                "seen_at":"2022-07-15T10:00:55.212Z"
            }
        ],
        "user_notification_schedule":{
            "enabled":false,
            "day_0_start_time":480,
            "day_0_end_time":1020,
            "day_1_start_time":480,
            "day_1_end_time":1020,
            "day_2_start_time":480,
            "day_2_end_time":1020,
            "day_3_start_time":480,
            "day_3_end_time":1020,
            "day_4_start_time":480,
            "day_4_end_time":1020,
            "day_5_start_time":480,
            "day_5_end_time":1020,
            "day_6_start_time":480,
            "day_6_end_time":1020
        },
        "use_logo_small_as_avatar":false,
        "featured_user_badge_ids":[
            8181,
            9939,
            9139
        ],
        "invited_by":null,
        "groups":[
            {
                "id":10,
                "automatic":true,
                "name":"trust_level_0",
                "display_name":"trust_level_0",
                "user_count":5196,
                "mentionable_level":0,
                "messageable_level":0,
                "visibility_level":1,
                "primary_group":false,
                "title":null,
                "grant_trust_level":null,
                "has_messages":false,
                "flair_url":null,
                "flair_bg_color":null,
                "flair_color":null,
                "bio_cooked":null,
                "bio_excerpt":null,
                "public_admission":false,
                "public_exit":false,
                "allow_membership_requests":false,
                "full_name":null,
                "default_notification_level":3,
                "membership_request_template":null,
                "members_visibility_level":0,
                "can_see_members":true,
                "publish_read_state":false
            },
            {
                "id":11,
                "automatic":true,
                "name":"trust_level_1",
                "display_name":"trust_level_1",
                "user_count":2126,
                "mentionable_level":0,
                "messageable_level":0,
                "visibility_level":1,
                "primary_group":false,
                "title":null,
                "grant_trust_level":null,
                "has_messages":false,
                "flair_url":null,
                "flair_bg_color":null,
                "flair_color":null,
                "bio_cooked":null,
                "bio_excerpt":null,
                "public_admission":false,
                "public_exit":false,
                "allow_membership_requests":false,
                "full_name":null,
                "default_notification_level":3,
                "membership_request_template":null,
                "members_visibility_level":0,
                "can_see_members":true,
                "publish_read_state":false
            },
            {
                "id":12,
                "automatic":true,
                "name":"trust_level_2",
                "display_name":"trust_level_2",
                "user_count":185,
                "mentionable_level":0,
                "messageable_level":0,
                "visibility_level":1,
                "primary_group":false,
                "title":null,
                "grant_trust_level":null,
                "has_messages":false,
                "flair_url":null,
                "flair_bg_color":null,
                "flair_color":null,
                "bio_cooked":null,
                "bio_excerpt":null,
                "public_admission":false,
                "public_exit":false,
                "allow_membership_requests":false,
                "full_name":null,
                "default_notification_level":3,
                "membership_request_template":null,
                "members_visibility_level":0,
                "can_see_members":true,
                "publish_read_state":false
            }
        ],
        "group_users":[
            {
                "group_id":10,
                "user_id":4692,
                "notification_level":3,
                "owner":false
            },
            {
                "group_id":11,
                "user_id":4692,
                "notification_level":3,
                "owner":false
            },
            {
                "group_id":12,
                "user_id":4692,
                "notification_level":3,
                "owner":false
            }
        ],
        "user_option":{
            "user_id":4692,
            "mailing_list_mode":false,
            "mailing_list_mode_frequency":1,
            "email_digests":true,
            "email_level":1,
            "email_messages_level":0,
            "external_links_in_new_tab":true,
            "color_scheme_id":null,
            "dark_scheme_id":null,
            "dynamic_favicon":false,
            "enable_quoting":true,
            "enable_defer":false,
            "digest_after_minutes":10080,
            "automatically_unpin_topics":true,
            "auto_track_topics_after_msecs":240000,
            "notification_level_when_replying":2,
            "new_topic_duration_minutes":10080,
            "email_previous_replies":2,
            "email_in_reply_to":false,
            "like_notification_frequency":1,
            "include_tl0_in_digests":false,
            "theme_ids":[
                1
            ],
            "theme_key_seq":4,
            "allow_private_messages":true,
            "enable_allowed_pm_users":false,
            "homepage_id":1,
            "hide_profile_and_presence":false,
            "text_size":"normal",
            "text_size_seq":2,
            "title_count_mode":"notifications",
            "timezone":"America/Chicago",
            "skip_new_user_tips":true,
            "default_calendar":"none_selected",
            "oldest_search_log_date":null
        }
    }
}
